BillingStreet,BillingCity,BillingPostalCode,Id,type,BillingState,Name
345 Shoreline Park Mountain View\, CA 94043 USA,Mountain View,,,Account,CA,GenePoint
Kings Park\, 17th Avenue\, Team Valley Trading Estate\,\Gateshead\, Tyne and Wear NE26 3HS\United Kingdom,,,,Account,UK,United Oil & Gas\, UK
9 Tagore Lane\Singapore\, Singapore 787472\Singapore,Singapore,,,Account,Singapore,United Oil & Gas\, Singapore
312 Constitution Place\Austin\, TX 78767\USA,Austin,,,Account,TX,Edge Communications
525 S. Lexington Ave,Burlington,27215,,Account,NC,Burlington Textiles Corp of America2 Place Jussieu,Paris,75251,,Account,,Pyramid Construction Inc.
1301 Hoch Drive,Lawrence,66045,,Account,KS,Dickenson plc
2334 N. Michigan Avenue\, Suite 1500\Chicago\, IL 60601\, USA,Chicago,,,Account,IL,Grand Hotels & Resorts Ltd
620 SW 5th Avenue Suite 400\Portland\, Oregon 97204\United States,Portland,,,Account,OR,Express Logistics and Transport
888 N Euclid \Hallis Center\, Room 501\Tucson\, AZ 85721\United States,Tucson,,,Account,AZ,University of Arizona
1301 Avenue of the Americas \New York\, NY 10019\USA,New York,,,Account,NY,United Oil & Gas Corp.
The Landmark @ One Market,San Francisco,94087,,Account,CA,sForce
